ProteoformIndex	Scan	ProteinAccession	ProteinDescription	ProteoformMass	ProteinSequence	MatchedAminoAcidCount	Coverage(%)	StartPosition	EndPosition	TagCount	TagIndices	ModificationCount	Modifications	ModificationStarts	ModificationEnds	ProteoformScore	ProteinLevelQvalue
0	1	SigmaMab	Heavy Chain	-1.0	EVQLVESGGGLVQPGGSLRLSCVASGFTLNNYDMHWVRQGIGKGLEWVSKIGTAGDRYYAGSVKGRFTISRENAKDSLYLQMNSLRVGDAAVYYCARGAGRWAPLGAFDIWGQGTMVTVSSASTKGPSVFPLAPSSKSTSGGTAALGCLVKDYFPEPVTVSWNSGALTSGVHTFPAVLQSSGLYSLSSVVTVPSSSLGTQTYICNVNHKPSNTKVDKKVEPKSCDKTHTCPPCPAPELLGGPSVFLFPPKPKDTLMISRTPEVTCVVVDVSHEDPEVKFNWYVDGVEVHNAKTKPREEQYNSTYRVVSVLTVLHQDWLNGKEYKCKVSNKALPAPIEKTISKAKGQPREPQVYTLPPSRDELTKNQVSLTCLVKGFYPSDIAVEWESNGQPENNYKTTPPVLDSDGSFFLYSKLTVDKSRWQQGNVFSCSVMHEALHNHYTQKSLSLSPG	38	8.44444	0	-1	117	8;26;27;28;56;57;61;62;63;67;68;69;70;82;85;91;99;100;101;126;127;136;137;138;144;145;163;167;190;192;193;205;206;207;234;235;248;249;250;262;263;264;265;271;291;295;301;325;328;343;344;345;369;376;377;391;392;398;399;400;427;428;431;432;451;470;474;503;505;509;510;518;519;520;543;544;556;557;566;567;583;584;585;615;616;619;620;630;647;673;677;696;697;700;706;707;708;729;734;745;746;747;748;752;753;756;757;774;775;776;811;812;818;819;830;834;850	1	15.033344	13	66	294	-1.000000
1	1	NIST	mAbHeavy Chain	-1.0	TLRESGPALVKPTQTLTLTCTFSGFSLSTAGMSVGWIRQPPGKALEWLADIWWDDKKHYNPSLKDRLTISKDTSKNQVVLKVTNMDPADTATYYCARDMIFNFYFDVWGQGTTVTVSSASTKGPSVFPLAPSSKSTSGGTAALGCLVKDYFPEPVTVSWNSGALTSGVHTFPAVLQSSGLYSLSSVVTVPSSSLGTQTYICNVNHKPSNTKVDKRVEPKSCDKTHTCPPCPAPELLGGPSVFLFPPKPKDTLMISRTPEVTCVVVDVSHEDPEVKFNWYVDGVEVHNAKTKPREEQYNSTYRVVSVLTVLHQDWLNGKEYKCKVSNKALPAPIEKTISKAKGQPREPQVYTLPPSREEMTKNQVSLTCLVKGFYPSDIAVEWESNGQPENNYKTTPPVLDSDGSFFLYSKLTVDKSRWQQGNVFSCSVMHEALHNHYTQKSLSLSPGK	19	4.22222	2	-1	26	85;167;192;193;295;301;328;369;470;474;505;509;510;543;544;673;677;700;729;734;745;746;752;753;818;819	1	-218.139678	2	9	132	-1.000000
2	1	SigmaMab	Light Chain	-1.0	QSALTQPRSVSGSPGQSVTISCTGTSSDIGGYNFVSWYQQHPGKAPKLMIYDATKRPSGVPDRFSGSKSGNTASLTISGLQAEDEADYYCCSYAGDYTPGVVFGGGTKLTVLGQPKAAPSVTLFPPSSEELQANKATLVCLISDFYPGAVTVAWKADSSPVKAGVETTTPSKQSNNKYAASSYLSLTPEQWKSHRSYSCQVTHEGSTVEKTVAPTECS	20	9.17431	0	-1	8	366;479;537;564;710;722;725;755	1	21.976242	15	16	74	-1.000000
3	1	sp|P75954|YCFS_ECOLI	Probable L,D-transpeptidase YcfS OS=Escherichia coli (strain K12) OX=83333 GN=ycfS PE=1 SV=1	-1.0	LPAKANTWPLPPAGSRLVGENKFHVVENDGGSLEAIAKKYNVGFLALLQANPGVDPYVPRAGSVLTIPLQTLLPDAPREGIVINIAELRLYYYPPGKNSVTVYPIGIGQLGGDTLTPTMVTTVSDKRANPTWTPTANIRARYKAQGIELPAVVPAGLDNPMGHHAIRLAAYGGVYLLHGTNADFGIGMRVSSGCIRLRDDDIKTLFSQVTPGTKVNIINTPIKVSAEPNGARLVEVHQPLSEKIDDDPQLLPITLNSAMQSFKDAAQTDAEVMQHVMDVRSGMPVDVRRHQVSPQTL	6	1.875	23	-1	5	706;707;708;720;788	1	-109.391599	31	140	43	-1.000000
4	1	sp|P08371|PPDB_ECOLI	Prepilin peptidase-dependent protein B OS=Escherichia coli (strain K12) OX=83333 GN=ppdB PE=3 SV=2	-1.0	VIVQWDANSNGIWDREPVKESDQIGFRLKEHVLETLRGATSCEGKGWDKVTNPDAIIIDTFQVVRQDVSGFSPVLTVNMRAASKSEPQTVVNASYSVTGFNL	6	3.20856	85	-1	4	718;737;738;825	1	-211.070055	85	93	22	-1.000000
5	1	sp|P0AF45|YJBE_ECOLI	Uncharacterized protein YjbE OS=Escherichia coli (strain K12) OX=83333 GN=yjbE PE=3 SV=1	-1.0	PVQVGEAAGSAATSVSAGSSSATSVSTVSSAVGVALAATGGGDGSNTGTTTTTTTSTQ	7	8.75	22	-1	4	505;700;726;751	1	-257.089542	22	35	20	-1.000000
6	1	sp|P24181|ACRF_ECOLI	Multidrug export protein AcrF OS=Escherichia coli (strain K12) OX=83333 GN=acrF PE=1 SV=2	-1.0	MANFFIRRPIFAWVLAIILMMAGALAILQLPVAQYPTIAPPAVSVSANYPGADAQTVQDTVTQVIEQNMNGIDNLMYMSSTSDSAGSVTITLTFQSGTDPDIAQVQVQNKLQLATPLLPQEVQQQGISVEKSSSSYLMVAGFVSDNPGTTQDDISDYVASNVKDTLSRLNGVGDVQLFGAQYAMRIWLDADLLNKYKLTPVDVINQLKVQNDQIAAGQLGGTPALPGQQLNASIIAQTRFKNPEEFGKVTLRVNSDGSVVRLKDVARVELGGENYNVIARINGKPAAGLGIKLATGANALDTAKAIKAKLAELQPFFPQGMKVLYPYDTTPFVQLSIHEVVKTLFEAIMLVFLVMYLFLQNMRATLIPTIAVPVVLLGTFAILAAFGYSINTLTMFGMVLAIGLLVDDAIVVVENVERVMMEDKLPPKEATEKSMSQIQGALVGIAMVLSAVFIPMAFFGGSTGAIYRQFSITIVSAMALSVLVALILTPALCATLLKPVSAEHHENKGGFFGWFNTTFDHSVNHYTNSVGKILGSTGRYLLIYALIVAGMVVLFLRLPSSFLPEEDQGVFLTMIQLPAGATQERTQKVLDQVTDYYLKNEKANVESVFTVNGFSFSGQAQNAGMAFVSLKPWEERNGDENSAEAVIHRAKMELGKIRDGFVIPFNMPAIVELGTATGFDFELIDQAGLGHDALTQARNQLLGMAAQHPASLVSVRPNGLEDTAQFKLEVDQEKAQALGVSLSDINQTISTALGGTYVNDFIDRGRVKKLYVQADAKFRMLPEDVDKLYVRSANGEMVPFSAFTTSHWVYGSPRLERYNGLPSMEIQGEAAPGTSSGDAMALMENLASKLPAGIGYDWTGMSYQERLSGNQAPALVAISFVVVFLCLAALYESWSIPVSVMLVVPLGIVGVLLAATLFNQKNDVYFMVGLLTTIGLSAKNAILIVEFAKDL	6	0.580271	-1	951	3	722;726;865	1	-275.261509	940	950	20	-1.000000
7	1	sp|P77364|GLXK2_ECOLI	Glycerate 3-kinase OS=Escherichia coli (strain K12) OX=83333 GN=glxK PE=1 SV=1	-1.0	GTVDAMVAATGGNIVTLEVCGPMGEKVNAFYGLTGDGKTAVIEMAAASGLMLVAPEKRNPLLASSFGTGELIRHALDNDIRHIILGIGGSATVDGGMGMAQALGVRFLDADGQALAANGGNLARVASIEMDECDPRLANCHIEVACDVDNPLVGARGAAAVFGPQKGATPEMVEELEQGLQNYARVLQQQTEINVCQMAGGGAAGGMGIAAAVFLNADIKPGIEIVLNAVNLAQAVQGAALVITGEGRIDSQTAGGKAPLGVASVAKQFNVPVIGIAGVLGDGVEVVHQYGIDAVFSILPRLAPLAEVLASGETNLFNSARNIACAIKIGQGIKN	7	1.83727	46	-1	3	718;824;838	1	-172.030135	46	57	19	-1.000000
8	1	sp|P21503|YCAD_ECOLI	Uncharacterized MFS-type transporter YcaD OS=Escherichia coli (strain K12) OX=83333 GN=ycaD PE=1 SV=2	-1.0	MSTYTQPVMLLLSGLLLLTLAIAVLNTLVPLWLAQEHMSTWQVGVVSSSYFTGNLVGTLLTGYVIKRIGFNRSYYLASFIFAAGCAGLGLMIGFWSWLAWRFVAGVGCAMIWVVVESALMCSGTSRNRGRLLAAYMMVYYVGTFLGQLLVSKVSTELMSVLPWVTGLTLAGILPLLFTRVLNQQAENHDSTSITSMLKLRQARLGVNGCIISGIVLGSLYGLMPLYLNHKGVSNASIGFWMAVLVSAGILGQWPIGRLADKFGRLLVLRVQVFVVILGSIAMLSQAAMAPALFILGAAGFTLYPVAMAWACEKVEHHQLVAMNQALLLSYTVGSLLGPSFTAMLMQNFSDNLLFIMIASVSFIYLLMLLR	6	1.57068	-1	370	3	728;823;860	1	-299.231910	360	369	19	-1.000000
9	1	sp|P0ADD7|YJJQ_ECOLI	Putative transcription factor YjjQ OS=Escherichia coli (strain K12) OX=83333 GN=yjjQ PE=1 SV=1	-1.0	LPGCCKNGIVISKIPVMQAGLKEVMRTHFPEYEIISSASAEDLTLLQLRRSGLVIADLAGESEDPRSVCEHYYSLISQYREIHWVFMVSRSWYSQAVELLMCPTATLLSDVEPIENLVKTVRSGNTHAERISAMLTSPAMTETHDFSYRSVILTLSERKVLRLLGKGWGINQIASLLKKSNKTISAQKNSAMRRLAIHSNAEMYAWINSAQGARELNLPSVYGDAAEWNTAELRREMSHS	6	2.48963	1	-1	3	734;768;825	1	200.152126	1	7	18	-1.000000
10	1	sp|P0ABC7|HFLK_ECOLI	Modulator of FtsH protease HflK OS=Escherichia coli (strain K12) OX=83333 GN=hflK PE=1 SV=1	-1.0	MAWNQPGNNGQDRDPWGSSKPGGNSEGNGNKGGRDQGPPDLDDIFRKLSKKLGGLGGGKGTGSGGGSSSQGPRPQLGGRVVTIAAAAIVIIWAASGFYTIKEAERGVVTRFGKFSHLVEPGLNWKPTFIDEVKPVNVEAVRELAASGVMLTSDENVVRVEMNVQYRVTNPEKYLYSVTSPDDSLRQATDSALRGVIGKYTMDRILTEGRTVIRSDTQRELEETIRPYDMGITLLDVNFQAARPPEEVKAAFDDAIAARENEQQYIREAEAYTNEVQPRANGQAQRILEEARAYKAQTILEAQGEVARFAKLLPEYKAAPEITRERLYIETMEKVLGNTRKVLVNDK	6	1.43198	-1	346	5	687;747;748;826;827	1	-270.216296	336	345	18	-1.000000
